{
  "ARIMA": {
    "model": "ARIMA",
    "order": [
      2,
      0,
      0
    ],
    "aic": -6563.676633145663,
    "mean_mae": 0.00023032418979658954,
    "std_mae": 0.00019231391401727956,
    "fold_maes": [
      0.0005553918842736082,
      0.00034674869445712366,
      9.083245350704602e-05,
      6.144307372031761e-05,
      9.720484302485216e-05
    ]
  },
  "SARIMAX": {
    "model": "SARIMAX",
    "order": [
      1,
      1,
      0
    ],
    "seasonal_order": [
      0,
      0,
      0,
      5
    ],
    "aic": -6558.120944287141,
    "mean_mae": 9.27687749875109e-05,
    "std_mae": 1.9516588574333877e-05,
    "fold_maes": [
      0.00010459916261616967,
      0.00011554903789902512,
      8.978436507969432e-05,
      5.7764882834700694e-05,
      9.614642650796467e-05
    ]
  },
  "ExponentialSmoothing": {
    "model": "ExponentialSmoothing",
    "trend": null,
    "seasonal": null,
    "damped_trend": false,
    "seasonal_periods": 5,
    "mean_mae": 9.30016766025833e-05,
    "std_mae": 1.9682846674627343e-05,
    "fold_maes": [
      0.00010578824740841855,
      0.00011553145660743563,
      8.927040780711387e-05,
      5.780225773857125e-05,
      9.661601345137722e-05
    ]
  },
  "best": {
    "model": "SARIMAX",
    "order": [
      1,
      1,
      0
    ],
    "seasonal_order": [
      0,
      0,
      0,
      5
    ],
    "aic": -6558.120944287141,
    "mean_mae": 9.27687749875109e-05,
    "std_mae": 1.9516588574333877e-05,
    "fold_maes": [
      0.00010459916261616967,
      0.00011554903789902512,
      8.978436507969432e-05,
      5.7764882834700694e-05,
      9.614642650796467e-05
    ]
  },
  "timestamp": "20260606_142349",
  "n_observations": 445
}