{
  "model": "SARIMAX",
  "order": [
    1,
    1,
    0
  ],
  "seasonal_order": [
    0,
    0,
    0,
    5
  ],
  "aic": -6558.120944287141,
  "mean_mae": 9.27687749875109e-05,
  "std_mae": 1.9516588574333877e-05,
  "fold_maes": [
    0.00010459916261616967,
    0.00011554903789902512,
    8.978436507969432e-05,
    5.7764882834700694e-05,
    9.614642650796467e-05
  ],
  "timestamp": "20260606_131902",
  "n_observations": 445
}